{"area": {"slope": 1.0294538453661684, "intercept": 0.25668935313011154}, "brightness": {"slope": 0.89598940125868, "intercept": 2.403877564308459}, "brightness_std": {"slope": 0.18025757800444922, "intercept": 14.382841298707671}, "width": {"slope": 0.9726485452611413, "intercept": 0.6407276059588547}, "length": {"slope": 1.033085797076593, "intercept": -0.5496000989965992}}