{"area": {"slope": 1.0133171054586536, "intercept": 0.35466226865761286}, "brightness": {"slope": 0.8956742782762427, "intercept": 2.3838311724139203}, "brightness_std": {"slope": 0.18017225265541612, "intercept": 14.349291878659587}, "width": {"slope": 0.9635707394493969, "intercept": 0.8050303142725816}, "length": {"slope": 1.0037706202571441, "intercept": 0.3561683550570862}}